GID,Name,Location,Description
GAR0001,Enchanted Haven,"Bangkok, Thailand",A vibrant oasis bursting with exotic flowers and tropical trees.
GAR0002,Secret Park,"Tokyo, Japan",A vibrant oasis bursting with exotic flowers and tropical trees.
GAR0003,Majestic Park,"London, UK",A majestic garden known for its intricate landscaping and beauty.
GAR0004,Peaceful Meadow,"London, UK",An enchanted garden with a diverse collection of flora and fauna.
GAR0005,Lush Oasis,"Seoul, South Korea",A peaceful retreat filled with vibrant flowers and serene pathways.
GAR0006,Golden Retreat,Singapore,A peaceful retreat filled with vibrant flowers and serene pathways.
GAR0007,Blooming Tranquil Sanctuary,"Dubai, UAE",A quiet haven where nature lovers can immerse themselves in greenery.
GAR0008,Sacred Wild Meadow,"Rio de Janeiro, Brazil",A peaceful retreat filled with vibrant flowers and serene pathways.
GAR0009,Wild Majestic Golden Paradise,"Rio de Janeiro, Brazil",An enchanted garden with a diverse collection of flora and fauna.
GAR0010,Sunny Golden Haven,"Sydney, Australia",A quiet haven where nature lovers can immerse themselves in greenery.
GAR0011,Sacred Meadow,"Bangkok, Thailand",A majestic garden known for its intricate landscaping and beauty.
GAR0012,Serene Grove,"Tokyo, Japan",A majestic garden known for its intricate landscaping and beauty.
GAR0013,Sacred Lush Grove,"Paris, France",An enchanted garden with a diverse collection of flora and fauna.
GAR0014,Serene Peaceful Lush Garden,"Barcelona, Spain",A secret garden offering a tranquil escape from the bustling city.
GAR0015,Hidden Blooming Sacred Grove,"Dubai, UAE",A majestic garden known for its intricate landscaping and beauty.
GAR0016,Blooming Oasis,"Tokyo, Japan",A lush green space perfect for relaxation and meditation.
GAR0017,Serene Sunny Garden,"Dubai, UAE",A secret garden offering a tranquil escape from the bustling city.
GAR0018,Secret Sanctuary,"Sydney, Australia",A lush green space perfect for relaxation and meditation.
GAR0019,Lush Whispering Retreat,"Rome, Italy",A hidden gem featuring rare plants and a tranquil atmosphere.
GAR0020,Blooming Enchanted Meadow,"Toronto, Canada",A charming retreat where every season brings a new burst of color.
GAR0021,Hidden Oasis,"Dubai, UAE",An enchanted garden with a diverse collection of flora and fauna.
GAR0022,Green Enchanted Paradise,"Mexico City, Mexico",A quiet haven where nature lovers can immerse themselves in greenery.
GAR0023,Sacred Sanctuary,"Tokyo, Japan",A quiet haven where nature lovers can immerse themselves in greenery.
GAR0024,Enchanted Majestic Paradise,"Paris, France",An enchanted garden with a diverse collection of flora and fauna.
GAR0025,Majestic Park,"New York, USA",A breathtaking paradise with cascading waterfalls and colorful blooms.
GAR0026,Blooming Meadow,"Tokyo, Japan",A peaceful retreat filled with vibrant flowers and serene pathways.
GAR0027,Whispering Lush Blooming Sanctuary,"Toronto, Canada",A charming retreat where every season brings a new burst of color.
GAR0028,Sunny Sanctuary,"Istanbul, Turkey",A vibrant oasis bursting with exotic flowers and tropical trees.
GAR0029,Majestic Meadow,"Seoul, South Korea",A peaceful retreat filled with vibrant flowers and serene pathways.
GAR0030,Tranquil Secret Grove,"Bangkok, Thailand",A peaceful retreat filled with vibrant flowers and serene pathways.
GAR0031,Sunny Grove,"Rome, Italy",A majestic garden known for its intricate landscaping and beauty.
GAR0032,Enchanted Wild Hidden Sanctuary,"Bangkok, Thailand",A peaceful retreat filled with vibrant flowers and serene pathways.
GAR0033,Peaceful Oasis,"London, UK",A majestic garden known for its intricate landscaping and beauty.
GAR0034,Lush Golden Haven,"Istanbul, Turkey",An enchanted garden with a diverse collection of flora and fauna.
GAR0035,Wild Lush Blooming Paradise,"Rome, Italy",A breathtaking paradise with cascading waterfalls and colorful blooms.
GAR0036,Hidden Grove,"Berlin, Germany",A lush green space perfect for relaxation and meditation.
GAR0037,Blooming Park,"Mexico City, Mexico",An enchanted garden with a diverse collection of flora and fauna.
GAR0038,Sunny Golden Retreat,"Sydney, Australia",A secret garden offering a tranquil escape from the bustling city.
GAR0039,Tranquil Blooming Garden,"London, UK",A majestic garden known for its intricate landscaping and beauty.
GAR0040,Serene Tranquil Blooming Meadow,"New York, USA",A vibrant oasis bursting with exotic flowers and tropical trees.
GAR0041,Enchanted Haven,"Toronto, Canada",A hidden gem featuring rare plants and a tranquil atmosphere.
GAR0042,Golden Sunny Blooming Paradise,"Rome, Italy",A vibrant oasis bursting with exotic flowers and tropical trees.
GAR0043,Serene Haven,"Istanbul, Turkey",A vibrant oasis bursting with exotic flowers and tropical trees.
GAR0044,Wild Lush Meadow,"Seoul, South Korea",A charming retreat where every season brings a new burst of color.
GAR0045,Hidden Enchanted Whispering Haven,"Moscow, Russia",An enchanted garden with a diverse collection of flora and fauna.
GAR0046,Whispering Serene Retreat,"Rome, Italy",An enchanted garden with a diverse collection of flora and fauna.
GAR0047,Blooming Golden Majestic Grove,"Rome, Italy",A majestic garden known for its intricate landscaping and beauty.
GAR0048,Lush Hidden Park,"Rome, Italy",A secret garden offering a tranquil escape from the bustling city.
GAR0049,Tranquil Oasis,"Dubai, UAE",A breathtaking paradise with cascading waterfalls and colorful blooms.
GAR0050,Peaceful Blooming Whispering Park,"Paris, France",A breathtaking paradise with cascading waterfalls and colorful blooms.
GAR0051,Sunny Whispering Green Retreat,"Rio de Janeiro, Brazil",A vibrant oasis bursting with exotic flowers and tropical trees.
GAR0052,Green Haven,"Tokyo, Japan",A breathtaking paradise with cascading waterfalls and colorful blooms.
GAR0053,Peaceful Lush Sanctuary,"Dubai, UAE",A majestic garden known for its intricate landscaping and beauty.
GAR0054,Whispering Paradise,"Rio de Janeiro, Brazil",A peaceful retreat filled with vibrant flowers and serene pathways.
GAR0055,Tranquil Wild Retreat,"Istanbul, Turkey",A breathtaking paradise with cascading waterfalls and colorful blooms.
GAR0056,Majestic Haven,"Istanbul, Turkey",A quiet haven where nature lovers can immerse themselves in greenery.
GAR0057,Whispering Park,"Seoul, South Korea",An enchanted garden with a diverse collection of flora and fauna.
GAR0058,Peaceful Haven,"Berlin, Germany",A quiet haven where nature lovers can immerse themselves in greenery.
GAR0059,Whispering Retreat,"Paris, France",A vibrant oasis bursting with exotic flowers and tropical trees.
GAR0060,Enchanted Meadow,"Cape Town, South Africa",A charming retreat where every season brings a new burst of color.
GAR0061,Secret Wild Sunny Grove,"Barcelona, Spain",A breathtaking paradise with cascading waterfalls and colorful blooms.
GAR0062,Secret Blooming Enchanted Garden,"New York, USA",A breathtaking paradise with cascading waterfalls and colorful blooms.
GAR0063,Tranquil Lush Green Grove,"Paris, France",A lush green space perfect for relaxation and meditation.
GAR0064,Secret Hidden Haven,"Toronto, Canada",A charming retreat where every season brings a new burst of color.
GAR0065,Lush Oasis,"Tokyo, Japan",A peaceful retreat filled with vibrant flowers and serene pathways.
GAR0066,Secret Grove,"Paris, France",A lush green space perfect for relaxation and meditation.
GAR0067,Secret Green Paradise,"Seoul, South Korea",A hidden gem featuring rare plants and a tranquil atmosphere.
GAR0068,Sunny Sacred Tranquil Park,"London, UK",A charming retreat where every season brings a new burst of color.
GAR0069,Sacred Meadow,Singapore,A breathtaking paradise with cascading waterfalls and colorful blooms.
GAR0070,Hidden Majestic Peaceful Paradise,"London, UK",A quiet haven where nature lovers can immerse themselves in greenery.
GAR0071,Serene Hidden Park,"Cape Town, South Africa",An enchanted garden with a diverse collection of flora and fauna.
GAR0072,Blooming Retreat,"Seoul, South Korea",A vibrant oasis bursting with exotic flowers and tropical trees.
GAR0073,Sunny Serene Golden Grove,"Istanbul, Turkey",A majestic garden known for its intricate landscaping and beauty.
GAR0074,Whispering Sacred Sanctuary,"Rio de Janeiro, Brazil",A breathtaking paradise with cascading waterfalls and colorful blooms.
GAR0075,Tranquil Majestic Lush Paradise,"Dubai, UAE",A vibrant oasis bursting with exotic flowers and tropical trees.
GAR0076,Sacred Golden Serene Garden,"London, UK",A breathtaking paradise with cascading waterfalls and colorful blooms.
GAR0077,Hidden Retreat,"Cape Town, South Africa",A majestic garden known for its intricate landscaping and beauty.
GAR0078,Blooming Garden,"New York, USA",A vibrant oasis bursting with exotic flowers and tropical trees.
GAR0079,Sunny Lush Meadow,"Bangkok, Thailand",A majestic garden known for its intricate landscaping and beauty.
GAR0080,Tranquil Secret Sanctuary,"Barcelona, Spain",An enchanted garden with a diverse collection of flora and fauna.
GAR0081,Hidden Grove,"Paris, France",An enchanted garden with a diverse collection of flora and fauna.
GAR0082,Sunny Green Grove,"Rome, Italy",A secret garden offering a tranquil escape from the bustling city.
GAR0083,Whispering Oasis,"London, UK",A breathtaking paradise with cascading waterfalls and colorful blooms.
GAR0084,Golden Sanctuary,"Istanbul, Turkey",A peaceful retreat filled with vibrant flowers and serene pathways.
GAR0085,Tranquil Haven,"Seoul, South Korea",A vibrant oasis bursting with exotic flowers and tropical trees.
GAR0086,Green Grove,"Dubai, UAE",A majestic garden known for its intricate landscaping and beauty.
GAR0087,Peaceful Sanctuary,"Paris, France",A vibrant oasis bursting with exotic flowers and tropical trees.
GAR0088,Serene Enchanted Meadow,"Barcelona, Spain",A hidden gem featuring rare plants and a tranquil atmosphere.
GAR0089,Enchanted Lush Sanctuary,"London, UK",A vibrant oasis bursting with exotic flowers and tropical trees.
GAR0090,Sunny Grove,"Cape Town, South Africa",A peaceful retreat filled with vibrant flowers and serene pathways.
GAR0091,Sunny Sacred Tranquil Park,"Cape Town, South Africa",A breathtaking paradise with cascading waterfalls and colorful blooms.
GAR0092,Whispering Park,"Moscow, Russia",An enchanted garden with a diverse collection of flora and fauna.
GAR0093,Whispering Green Garden,"Seoul, South Korea",A secret garden offering a tranquil escape from the bustling city.
GAR0094,Majestic Meadow,"Barcelona, Spain",A secret garden offering a tranquil escape from the bustling city.
GAR0095,Golden Green Paradise,"Toronto, Canada",A peaceful retreat filled with vibrant flowers and serene pathways.
GAR0096,Tranquil Enchanted Serene Meadow,Singapore,A hidden gem featuring rare plants and a tranquil atmosphere.
GAR0097,Whispering Blooming Park,"Toronto, Canada",A lush green space perfect for relaxation and meditation.
GAR0098,Blooming Garden,"Seoul, South Korea",A breathtaking paradise with cascading waterfalls and colorful blooms.
GAR0099,Hidden Garden,"Paris, France",A charming retreat where every season brings a new burst of color.
GAR0100,Wild Whispering Green Haven,"Rio de Janeiro, Brazil",An enchanted garden with a diverse collection of flora and fauna.
GAR0101,Serene Majestic Grove,"Paris, France",A majestic garden known for its intricate landscaping and beauty.
GAR0102,Sacred Park,Singapore,A peaceful retreat filled with vibrant flowers and serene pathways.
GAR0103,Hidden Haven,"Barcelona, Spain",A hidden gem featuring rare plants and a tranquil atmosphere.
GAR0104,Whispering Peaceful Paradise,"Rio de Janeiro, Brazil",A peaceful retreat filled with vibrant flowers and serene pathways.
GAR0105,Sunny Grove,"London, UK",An enchanted garden with a diverse collection of flora and fauna.
GAR0106,Enchanted Retreat,"Istanbul, Turkey",A lush green space perfect for relaxation and meditation.
GAR0107,Wild Whispering Garden,"Rio de Janeiro, Brazil",An enchanted garden with a diverse collection of flora and fauna.
GAR0108,Whispering Blooming Park,"Cape Town, South Africa",A majestic garden known for its intricate landscaping and beauty.
GAR0109,Green Oasis,"Seoul, South Korea",A majestic garden known for its intricate landscaping and beauty.
GAR0110,Golden Park,"Rio de Janeiro, Brazil",A peaceful retreat filled with vibrant flowers and serene pathways.
GAR0111,Green Secret Retreat,"Mexico City, Mexico",A quiet haven where nature lovers can immerse themselves in greenery.
GAR0112,Green Haven,"Dubai, UAE",A peaceful retreat filled with vibrant flowers and serene pathways.
GAR0113,Enchanted Park,"Mexico City, Mexico",A charming retreat where every season brings a new burst of color.
GAR0114,Tranquil Lush Hidden Meadow,Singapore,A quiet haven where nature lovers can immerse themselves in greenery.
GAR0115,Whispering Majestic Enchanted Haven,"Sydney, Australia",A quiet haven where nature lovers can immerse themselves in greenery.
GAR0116,Serene Grove,"Tokyo, Japan",A peaceful retreat filled with vibrant flowers and serene pathways.
GAR0117,Green Retreat,"Paris, France",A quiet haven where nature lovers can immerse themselves in greenery.
GAR0118,Sacred Serene Meadow,"Tokyo, Japan",A lush green space perfect for relaxation and meditation.
GAR0119,Whispering Blooming Meadow,"Mexico City, Mexico",A breathtaking paradise with cascading waterfalls and colorful blooms.
GAR0120,Wild Golden Green Oasis,"Cape Town, South Africa",An enchanted garden with a diverse collection of flora and fauna.
GAR0121,Whispering Green Majestic Haven,"Toronto, Canada",A secret garden offering a tranquil escape from the bustling city.
GAR0122,Tranquil Paradise,"New York, USA",A majestic garden known for its intricate landscaping and beauty.
GAR0123,Hidden Haven,"Paris, France",A breathtaking paradise with cascading waterfalls and colorful blooms.
GAR0124,Enchanted Garden,"Bangkok, Thailand",A vibrant oasis bursting with exotic flowers and tropical trees.
GAR0125,Golden Whispering Serene Haven,"Paris, France",An enchanted garden with a diverse collection of flora and fauna.
GAR0126,Sacred Park,"Bangkok, Thailand",A breathtaking paradise with cascading waterfalls and colorful blooms.
GAR0127,Serene Tranquil Secret Grove,"Sydney, Australia",A peaceful retreat filled with vibrant flowers and serene pathways.
GAR0128,Hidden Serene Green Grove,"New York, USA",A vibrant oasis bursting with exotic flowers and tropical trees.
GAR0129,Serene Paradise,"Paris, France",A breathtaking paradise with cascading waterfalls and colorful blooms.
GAR0130,Green Lush Serene Grove,"Berlin, Germany",A vibrant oasis bursting with exotic flowers and tropical trees.
GAR0131,Serene Sacred Hidden Park,"Cape Town, South Africa",A vibrant oasis bursting with exotic flowers and tropical trees.
GAR0132,Majestic Hidden Park,"Tokyo, Japan",A vibrant oasis bursting with exotic flowers and tropical trees.
GAR0133,Green Tranquil Oasis,"Sydney, Australia",A vibrant oasis bursting with exotic flowers and tropical trees.
GAR0134,Lush Wild Sanctuary,"Sydney, Australia",A breathtaking paradise with cascading waterfalls and colorful blooms.
GAR0135,Enchanted Haven,"Cape Town, South Africa",A peaceful retreat filled with vibrant flowers and serene pathways.
GAR0136,Lush Wild Meadow,"Bangkok, Thailand",A secret garden offering a tranquil escape from the bustling city.
GAR0137,Golden Retreat,"Rio de Janeiro, Brazil",A charming retreat where every season brings a new burst of color.
GAR0138,Sacred Retreat,"Tokyo, Japan",A charming retreat where every season brings a new burst of color.
GAR0139,Blooming Grove,"Seoul, South Korea",A vibrant oasis bursting with exotic flowers and tropical trees.
GAR0140,Sunny Sacred Sanctuary,"London, UK",A vibrant oasis bursting with exotic flowers and tropical trees.
GAR0141,Blooming Secret Park,"Istanbul, Turkey",A quiet haven where nature lovers can immerse themselves in greenery.
GAR0142,Hidden Green Sanctuary,"Cape Town, South Africa",An enchanted garden with a diverse collection of flora and fauna.
GAR0143,Sacred Park,"Paris, France",A majestic garden known for its intricate landscaping and beauty.
GAR0144,Tranquil Serene Meadow,"Cape Town, South Africa",A breathtaking paradise with cascading waterfalls and colorful blooms.
GAR0145,Tranquil Oasis,"Tokyo, Japan",A charming retreat where every season brings a new burst of color.
GAR0146,Serene Green Lush Paradise,"Istanbul, Turkey",A lush green space perfect for relaxation and meditation.
GAR0147,Serene Park,"Bangkok, Thailand",A lush green space perfect for relaxation and meditation.
GAR0148,Whispering Oasis,Singapore,A secret garden offering a tranquil escape from the bustling city.
GAR0149,Secret Serene Wild Paradise,"Mexico City, Mexico",A secret garden offering a tranquil escape from the bustling city.
GAR0150,Tranquil Garden,"Berlin, Germany",A quiet haven where nature lovers can immerse themselves in greenery.
GAR0151,Enchanted Park,"Paris, France",A secret garden offering a tranquil escape from the bustling city.
GAR0152,Tranquil Hidden Meadow,"Rio de Janeiro, Brazil",A charming retreat where every season brings a new burst of color.
GAR0153,Tranquil Oasis,"London, UK",A secret garden offering a tranquil escape from the bustling city.
GAR0154,Blooming Oasis,"Cape Town, South Africa",A charming retreat where every season brings a new burst of color.
GAR0155,Green Grove,"Seoul, South Korea",A lush green space perfect for relaxation and meditation.
GAR0156,Wild Grove,"Rio de Janeiro, Brazil",A quiet haven where nature lovers can immerse themselves in greenery.
GAR0157,Peaceful Majestic Sanctuary,"Seoul, South Korea",A breathtaking paradise with cascading waterfalls and colorful blooms.
GAR0158,Serene Enchanted Secret Garden,"Rio de Janeiro, Brazil",A quiet haven where nature lovers can immerse themselves in greenery.
GAR0159,Enchanted Retreat,"Istanbul, Turkey",A quiet haven where nature lovers can immerse themselves in greenery.
GAR0160,Tranquil Majestic Enchanted Oasis,"Paris, France",A lush green space perfect for relaxation and meditation.
GAR0161,Sacred Paradise,"Toronto, Canada",A peaceful retreat filled with vibrant flowers and serene pathways.
GAR0162,Enchanted Haven,"Istanbul, Turkey",A quiet haven where nature lovers can immerse themselves in greenery.
GAR0163,Green Whispering Oasis,"Seoul, South Korea",A secret garden offering a tranquil escape from the bustling city.
GAR0164,Lush Park,"New York, USA",A charming retreat where every season brings a new burst of color.
GAR0165,Wild Majestic Blooming Retreat,"Paris, France",A hidden gem featuring rare plants and a tranquil atmosphere.
GAR0166,Sacred Blooming Peaceful Grove,"New York, USA",A quiet haven where nature lovers can immerse themselves in greenery.
GAR0167,Green Haven,"Barcelona, Spain",A hidden gem featuring rare plants and a tranquil atmosphere.
GAR0168,Golden Sanctuary,"Bangkok, Thailand",A quiet haven where nature lovers can immerse themselves in greenery.
GAR0169,Green Garden,"Berlin, Germany",An enchanted garden with a diverse collection of flora and fauna.
GAR0170,Sacred Peaceful Green Oasis,"Berlin, Germany",A breathtaking paradise with cascading waterfalls and colorful blooms.
GAR0171,Peaceful Golden Park,"New York, USA",A hidden gem featuring rare plants and a tranquil atmosphere.
GAR0172,Whispering Green Sanctuary,"New York, USA",A hidden gem featuring rare plants and a tranquil atmosphere.
GAR0173,Secret Haven,"Berlin, Germany",A peaceful retreat filled with vibrant flowers and serene pathways.
GAR0174,Green Garden,"New York, USA",A vibrant oasis bursting with exotic flowers and tropical trees.
GAR0175,Tranquil Majestic Wild Oasis,"New York, USA",A majestic garden known for its intricate landscaping and beauty.
GAR0176,Peaceful Tranquil Grove,"Barcelona, Spain",A breathtaking paradise with cascading waterfalls and colorful blooms.
GAR0177,Secret Golden Whispering Grove,"Istanbul, Turkey",A quiet haven where nature lovers can immerse themselves in greenery.
GAR0178,Green Peaceful Garden,"London, UK",A breathtaking paradise with cascading waterfalls and colorful blooms.
GAR0179,Serene Hidden Blooming Meadow,"Dubai, UAE",A hidden gem featuring rare plants and a tranquil atmosphere.
GAR0180,Peaceful Whispering Oasis,"Rome, Italy",A quiet haven where nature lovers can immerse themselves in greenery.
GAR0181,Golden Wild Retreat,"Toronto, Canada",A peaceful retreat filled with vibrant flowers and serene pathways.
GAR0182,Hidden Sacred Park,"Istanbul, Turkey",A peaceful retreat filled with vibrant flowers and serene pathways.
GAR0183,Peaceful Lush Secret Meadow,"London, UK",A hidden gem featuring rare plants and a tranquil atmosphere.
GAR0184,Sacred Park,"Barcelona, Spain",A secret garden offering a tranquil escape from the bustling city.
GAR0185,Wild Serene Retreat,"Seoul, South Korea",A quiet haven where nature lovers can immerse themselves in greenery.
GAR0186,Sacred Golden Meadow,"Istanbul, Turkey",A hidden gem featuring rare plants and a tranquil atmosphere.
GAR0187,Peaceful Secret Garden,"Paris, France",A quiet haven where nature lovers can immerse themselves in greenery.
GAR0188,Lush Garden,"Paris, France",A breathtaking paradise with cascading waterfalls and colorful blooms.
GAR0189,Hidden Park,"Rio de Janeiro, Brazil",A hidden gem featuring rare plants and a tranquil atmosphere.
GAR0190,Peaceful Park,"Rome, Italy",A lush green space perfect for relaxation and meditation.
GAR0191,Serene Sacred Haven,Singapore,A charming retreat where every season brings a new burst of color.
GAR0192,Blooming Peaceful Oasis,"Paris, France",A lush green space perfect for relaxation and meditation.
GAR0193,Enchanted Whispering Sunny Meadow,"Tokyo, Japan",A quiet haven where nature lovers can immerse themselves in greenery.
GAR0194,Lush Sacred Park,"Dubai, UAE",A lush green space perfect for relaxation and meditation.
GAR0195,Wild Secret Haven,"Rio de Janeiro, Brazil",An enchanted garden with a diverse collection of flora and fauna.
GAR0196,Tranquil Meadow,Singapore,A hidden gem featuring rare plants and a tranquil atmosphere.
GAR0197,Golden Sacred Haven,"Bangkok, Thailand",A quiet haven where nature lovers can immerse themselves in greenery.
GAR0198,Whispering Haven,"Mexico City, Mexico",A charming retreat where every season brings a new burst of color.
GAR0199,Golden Park,"Moscow, Russia",A vibrant oasis bursting with exotic flowers and tropical trees.
GAR0200,Sacred Retreat,"Bangkok, Thailand",A peaceful retreat filled with vibrant flowers and serene pathways.
GAR0201,Majestic Blooming Sanctuary,"Moscow, Russia",A charming retreat where every season brings a new burst of color.
GAR0202,Serene Grove,"Bangkok, Thailand",A charming retreat where every season brings a new burst of color.
GAR0203,Wild Enchanted Whispering Sanctuary,"Barcelona, Spain",An enchanted garden with a diverse collection of flora and fauna.
GAR0204,Hidden Peaceful Sacred Park,"Rio de Janeiro, Brazil",A breathtaking paradise with cascading waterfalls and colorful blooms.
GAR0205,Lush Sanctuary,"Rio de Janeiro, Brazil",A hidden gem featuring rare plants and a tranquil atmosphere.
GAR0206,Enchanted Grove,"Bangkok, Thailand",A breathtaking paradise with cascading waterfalls and colorful blooms.
GAR0207,Wild Tranquil Hidden Haven,Singapore,A breathtaking paradise with cascading waterfalls and colorful blooms.
GAR0208,Peaceful Whispering Garden,"Seoul, South Korea",A breathtaking paradise with cascading waterfalls and colorful blooms.
GAR0209,Green Enchanted Majestic Meadow,"London, UK",A peaceful retreat filled with vibrant flowers and serene pathways.
GAR0210,Tranquil Lush Meadow,"Cape Town, South Africa",A lush green space perfect for relaxation and meditation.
GAR0211,Tranquil Oasis,"Dubai, UAE",A quiet haven where nature lovers can immerse themselves in greenery.
GAR0212,Lush Retreat,"Moscow, Russia",A quiet haven where nature lovers can immerse themselves in greenery.
GAR0213,Peaceful Secret Hidden Sanctuary,"New York, USA",A peaceful retreat filled with vibrant flowers and serene pathways.
GAR0214,Wild Sanctuary,"Cape Town, South Africa",A lush green space perfect for relaxation and meditation.
GAR0215,Enchanted Sunny Meadow,"Barcelona, Spain",An enchanted garden with a diverse collection of flora and fauna.
GAR0216,Sunny Meadow,"Rio de Janeiro, Brazil",A quiet haven where nature lovers can immerse themselves in greenery.
GAR0217,Majestic Sunny Serene Paradise,"Berlin, Germany",A breathtaking paradise with cascading waterfalls and colorful blooms.
GAR0218,Secret Oasis,"Istanbul, Turkey",A peaceful retreat filled with vibrant flowers and serene pathways.
GAR0219,Whispering Paradise,"Barcelona, Spain",A peaceful retreat filled with vibrant flowers and serene pathways.
GAR0220,Blooming Majestic Retreat,"Toronto, Canada",A quiet haven where nature lovers can immerse themselves in greenery.
GAR0221,Wild Sunny Paradise,"Rio de Janeiro, Brazil",A vibrant oasis bursting with exotic flowers and tropical trees.
GAR0222,Serene Park,"Bangkok, Thailand",A peaceful retreat filled with vibrant flowers and serene pathways.
GAR0223,Whispering Sacred Hidden Haven,Singapore,A vibrant oasis bursting with exotic flowers and tropical trees.
GAR0224,Blooming Paradise,"Sydney, Australia",A peaceful retreat filled with vibrant flowers and serene pathways.
GAR0225,Golden Enchanted Paradise,"Bangkok, Thailand",A secret garden offering a tranquil escape from the bustling city.
GAR0226,Green Paradise,"Moscow, Russia",A majestic garden known for its intricate landscaping and beauty.
GAR0227,Golden Sacred Retreat,"Mexico City, Mexico",A peaceful retreat filled with vibrant flowers and serene pathways.
GAR0228,Blooming Retreat,"London, UK",A lush green space perfect for relaxation and meditation.
GAR0229,Green Peaceful Paradise,"Istanbul, Turkey",A lush green space perfect for relaxation and meditation.
GAR0230,Hidden Sanctuary,"Sydney, Australia",A charming retreat where every season brings a new burst of color.
GAR0231,Golden Retreat,"London, UK",A peaceful retreat filled with vibrant flowers and serene pathways.
GAR0232,Enchanted Park,"Berlin, Germany",A hidden gem featuring rare plants and a tranquil atmosphere.
GAR0233,Serene Grove,"New York, USA",A breathtaking paradise with cascading waterfalls and colorful blooms.
GAR0234,Lush Secret Whispering Sanctuary,"Mexico City, Mexico",A quiet haven where nature lovers can immerse themselves in greenery.
GAR0235,Blooming Park,"Istanbul, Turkey",A charming retreat where every season brings a new burst of color.
GAR0236,Blooming Retreat,"Bangkok, Thailand",A secret garden offering a tranquil escape from the bustling city.
GAR0237,Enchanted Park,"Moscow, Russia",A vibrant oasis bursting with exotic flowers and tropical trees.
GAR0238,Whispering Haven,"Seoul, South Korea",An enchanted garden with a diverse collection of flora and fauna.
GAR0239,Sacred Blooming Wild Park,"Rio de Janeiro, Brazil",A hidden gem featuring rare plants and a tranquil atmosphere.
GAR0240,Blooming Oasis,"Istanbul, Turkey",A lush green space perfect for relaxation and meditation.
GAR0241,Hidden Blooming Golden Garden,"Moscow, Russia",A quiet haven where nature lovers can immerse themselves in greenery.
GAR0242,Sacred Hidden Grove,"Cape Town, South Africa",An enchanted garden with a diverse collection of flora and fauna.
GAR0243,Wild Haven,"London, UK",A secret garden offering a tranquil escape from the bustling city.
GAR0244,Golden Majestic Lush Retreat,"Barcelona, Spain",A secret garden offering a tranquil escape from the bustling city.
GAR0245,Serene Paradise,"Mexico City, Mexico",A vibrant oasis bursting with exotic flowers and tropical trees.
GAR0246,Sacred Enchanted Haven,"Cape Town, South Africa",A hidden gem featuring rare plants and a tranquil atmosphere.
GAR0247,Tranquil Lush Secret Garden,"Barcelona, Spain",A charming retreat where every season brings a new burst of color.
GAR0248,Green Grove,"Rome, Italy",A quiet haven where nature lovers can immerse themselves in greenery.
GAR0249,Enchanted Lush Secret Garden,"Dubai, UAE",A breathtaking paradise with cascading waterfalls and colorful blooms.
GAR0250,Serene Tranquil Majestic Grove,"Rome, Italy",A majestic garden known for its intricate landscaping and beauty.
GAR0251,Green Secret Wild Meadow,Singapore,A majestic garden known for its intricate landscaping and beauty.
GAR0252,Peaceful Whispering Enchanted Park,"Cape Town, South Africa",A breathtaking paradise with cascading waterfalls and colorful blooms.
GAR0253,Tranquil Garden,"Mexico City, Mexico",A secret garden offering a tranquil escape from the bustling city.
GAR0254,Blooming Lush Wild Retreat,"Istanbul, Turkey",A breathtaking paradise with cascading waterfalls and colorful blooms.
GAR0255,Majestic Tranquil Lush Oasis,"Bangkok, Thailand",A peaceful retreat filled with vibrant flowers and serene pathways.
GAR0256,Green Lush Peaceful Sanctuary,"Rio de Janeiro, Brazil",An enchanted garden with a diverse collection of flora and fauna.
GAR0257,Majestic Green Blooming Haven,"Cape Town, South Africa",A charming retreat where every season brings a new burst of color.
GAR0258,Green Oasis,"Paris, France",A peaceful retreat filled with vibrant flowers and serene pathways.
GAR0259,Serene Majestic Hidden Sanctuary,"Mexico City, Mexico",A hidden gem featuring rare plants and a tranquil atmosphere.
GAR0260,Sunny Majestic Meadow,"Barcelona, Spain",A quiet haven where nature lovers can immerse themselves in greenery.
GAR0261,Sunny Grove,"Berlin, Germany",An enchanted garden with a diverse collection of flora and fauna.
GAR0262,Golden Peaceful Retreat,"Rio de Janeiro, Brazil",A hidden gem featuring rare plants and a tranquil atmosphere.
GAR0263,Hidden Peaceful Golden Paradise,"Seoul, South Korea",A vibrant oasis bursting with exotic flowers and tropical trees.
GAR0264,Green Sanctuary,"Istanbul, Turkey",A peaceful retreat filled with vibrant flowers and serene pathways.
GAR0265,Hidden Park,"Barcelona, Spain",A breathtaking paradise with cascading waterfalls and colorful blooms.
GAR0266,Wild Sunny Retreat,"Bangkok, Thailand",A peaceful retreat filled with vibrant flowers and serene pathways.
GAR0267,Sacred Wild Tranquil Haven,"Rome, Italy",An enchanted garden with a diverse collection of flora and fauna.
GAR0268,Sunny Peaceful Golden Park,"New York, USA",A majestic garden known for its intricate landscaping and beauty.
GAR0269,Majestic Paradise,"Tokyo, Japan",An enchanted garden with a diverse collection of flora and fauna.
GAR0270,Secret Enchanted Blooming Retreat,"New York, USA",A vibrant oasis bursting with exotic flowers and tropical trees.
GAR0271,Peaceful Serene Sunny Sanctuary,"Rio de Janeiro, Brazil",A breathtaking paradise with cascading waterfalls and colorful blooms.
GAR0272,Golden Secret Hidden Retreat,"Mexico City, Mexico",A hidden gem featuring rare plants and a tranquil atmosphere.
GAR0273,Hidden Serene Oasis,"Istanbul, Turkey",A secret garden offering a tranquil escape from the bustling city.
GAR0274,Sunny Majestic Wild Meadow,"Rio de Janeiro, Brazil",A hidden gem featuring rare plants and a tranquil atmosphere.
GAR0275,Serene Haven,"Berlin, Germany",A hidden gem featuring rare plants and a tranquil atmosphere.
GAR0276,Secret Sacred Oasis,"Barcelona, Spain",A peaceful retreat filled with vibrant flowers and serene pathways.
GAR0277,Majestic Wild Golden Haven,"Barcelona, Spain",A peaceful retreat filled with vibrant flowers and serene pathways.
GAR0278,Sunny Garden,"Sydney, Australia",A breathtaking paradise with cascading waterfalls and colorful blooms.
GAR0279,Majestic Golden Lush Paradise,"Bangkok, Thailand",A hidden gem featuring rare plants and a tranquil atmosphere.
GAR0280,Whispering Secret Hidden Sanctuary,"Barcelona, Spain",A majestic garden known for its intricate landscaping and beauty.
GAR0281,Sacred Green Garden,"Moscow, Russia",A quiet haven where nature lovers can immerse themselves in greenery.
GAR0282,Secret Peaceful Hidden Sanctuary,"Berlin, Germany",A majestic garden known for its intricate landscaping and beauty.
GAR0283,Hidden Paradise,Singapore,A charming retreat where every season brings a new burst of color.
GAR0284,Lush Meadow,"Seoul, South Korea",A breathtaking paradise with cascading waterfalls and colorful blooms.
GAR0285,Lush Whispering Serene Meadow,"Barcelona, Spain",A breathtaking paradise with cascading waterfalls and colorful blooms.
GAR0286,Serene Grove,"Berlin, Germany",An enchanted garden with a diverse collection of flora and fauna.
GAR0287,Enchanted Whispering Retreat,"Dubai, UAE",An enchanted garden with a diverse collection of flora and fauna.
GAR0288,Tranquil Golden Grove,"Cape Town, South Africa",A hidden gem featuring rare plants and a tranquil atmosphere.
GAR0289,Peaceful Haven,"Sydney, Australia",An enchanted garden with a diverse collection of flora and fauna.
GAR0290,Majestic Paradise,"Sydney, Australia",A vibrant oasis bursting with exotic flowers and tropical trees.
GAR0291,Blooming Peaceful Enchanted Haven,"Toronto, Canada",A peaceful retreat filled with vibrant flowers and serene pathways.
GAR0292,Hidden Sacred Meadow,"Rome, Italy",A quiet haven where nature lovers can immerse themselves in greenery.
GAR0293,Hidden Green Secret Paradise,"Moscow, Russia",A secret garden offering a tranquil escape from the bustling city.
GAR0294,Whispering Tranquil Enchanted Paradise,"Rome, Italy",A charming retreat where every season brings a new burst of color.
GAR0295,Peaceful Retreat,"Cape Town, South Africa",An enchanted garden with a diverse collection of flora and fauna.
GAR0296,Golden Garden,"Rome, Italy",A majestic garden known for its intricate landscaping and beauty.
GAR0297,Sunny Park,"New York, USA",A charming retreat where every season brings a new burst of color.
GAR0298,Tranquil Wild Sacred Haven,"Rio de Janeiro, Brazil",A charming retreat where every season brings a new burst of color.
GAR0299,Peaceful Garden,"Barcelona, Spain",An enchanted garden with a diverse collection of flora and fauna.
GAR0300,Green Park,"Toronto, Canada",A majestic garden known for its intricate landscaping and beauty.
